{"cameraMode":{"drawMode":0,"name":"Shaded","section":"Shading Mode"},"sceneLighting":false,"audioPlay":false,"sceneViewState":{"showFog":true,"showMaterialUpdate":false,"showSkybox":true,"showFlares":true,"showImageEffects":true,"showParticleSystems":true},"in2DMode":false,"pivot":{"x":-15.0830078125,"y":6.70263671875,"z":-10.17578125},"rotation":{"x":0.11390990018844605,"y":0.24761122465133668,"z":-0.029329193755984308,"w":0.9616928100585938},"size":13.345329284667969,"orthographic":true}