{"cameraMode":{"drawMode":0,"name":"Shaded","section":"Shading Mode"},"sceneLighting":false,"audioPlay":false,"sceneViewState":{"showFog":true,"showMaterialUpdate":false,"showSkybox":true,"showFlares":true,"showImageEffects":true,"showParticleSystems":true},"in2DMode":false,"pivot":{"x":-7.039999961853027,"y":0.0,"z":-0.7625000476837158},"rotation":{"x":0.28521305322647097,"y":0.08468440920114517,"z":-0.02530791237950325,"w":0.954380214214325},"size":28.63033103942871,"orthographic":true}